description	annotation_id	genes_found	input_size	term_genes	universe	pval	pval_adj	relative_enrichment	annotsbias	genes
DNA damage response (only ATM dependent)	WP710	13	158	114	7782	4.4829329242109484e-07	0.0001649719316109629	5.616588940706195	0	MYC, PIK3C2B, PTEN, BIK, CDKN1B, PDK1, SHC1, TP53, SOD2, BCL2L11, FOXO3, ATM, CCND1
DNA damage response	WP707	9	158	69	7782	9.33667942472088e-06	0.0017179490141486422	6.424325811777656	0	MYC, RAD51, CHEK2, CDKN1B, TP53, RAD9A, SESN1, ATM, CCND1
Glioblastoma signaling pathways	WP2261	9	158	83	7782	4.2498463592644456e-05	0.005213144867364386	5.340704590513954	0	PIK3C2B, MDM4, PTEN, CDKN1B, MAP2K1, TP53, FOXO3, ATM, CCND1
Gastrin signaling pathway	WP4659	10	158	114	7782	9.951691470363844e-05	0.006103704101823157	4.320453031312458	0	MYC, HDAC7, CDKN1B, TCF4, MMP7, MAP2K1, SHC1, FOXO3, CCND1, RHOD
miRNA regulation of DNA damage response	WP1530	9	158	92	7782	9.614067105675373e-05	0.006103704101823157	4.818244358833241	0	MYC, RAD51, CHEK2, CDKN1B, TP53, RAD9A, SESN1, ATM, CCND1
IL-9 signaling pathway	WP22	18	158	318	7782	7.340221321489756e-05	0.006103704101823157	2.787914974922379	0	MLPH, MYC, VDR, PIK3C2B, CDK9, EXPH5, SLC22A3, MDM4, PTEN, KRT18, CDKN1B, MAP2K1, TP53, FOXO3, STXBP1, ATM, CCND1, TUBA1C
ATM signaling pathway	WP2516	6	158	40	7782	0.00013811222739047876	0.007260757097099454	7.3879746835443045	0	MDM4, RAD51, CHEK2, TP53, RAD9A, ATM
Cholesterol biosynthesis pathway	WP197	7	158	60	7782	0.00019486972018613566	0.00896400712856224	5.74620253164557	0	MYC, PMVK, CHEK2, PTEN, CDKN1B, TP53, ATM
Integrated cancer pathway	WP1971	6	158	45	7782	0.0002695520620326335	0.011021684314223235	6.567088607594937	0	MYC, CHEK2, PTEN, CDKN1B, TP53, ATM
Osteoclast signaling	WP12	8	158	86	7782	0.00033526709285457937	0.01233782901704852	4.581689726229025	0	MYC, MMP21, MMP7, MAP2K1, SHC1, FOXO3, CTSK, MMP14
Mammary gland development pathway - Embryonic development (Stage 1 of 4)	WP2813	4	158	18	7782	0.0004008599052730933	0.013410585921863484	10.945147679324894	0	MYC, TERT, ITGA6, CCND1
TGF-beta signaling pathway	WP366	11	158	165	7782	0.0005095427328926533	0.01562597714204137	3.283544303797468	0	MYC, KLF11, SKIL, TERT, TCF4, MAP2K1, PDK1, SHC1, TP53, TAB1, CCND1
TP53 network	WP1742	4	158	20	7782	0.0006149145262348259	0.017406811204185843	9.850632911392404	0	MYC, BOK, TP53, ATM
Regulation of apoptosis by parathyroid hormone-related protein	WP3872	4	158	22	7782	0.0008995016694661184	0.020688538397720724	8.95512082853855	0	MYC, MCL1, BOK, ITGA6
Hematopoietic stem cell gene regulation by GABP alpha/beta complex	WP3657	4	158	22	7782	0.0008995016694661184	0.020688538397720724	8.95512082853855	0	MCL1, PTEN, FOXO3, ATM
Ovarian infertility	WP34	8	158	98	7782	0.000809843996495237	0.020688538397720724	4.02066649444588	0	VDR, IRX3, CDK9, HDAC7, BMPR1B, IRX5, CDKN1B, ATM
Malignant pleural mesothelioma	WP5087	19	158	446	7782	0.0016629776888649915	0.02990540673295497	2.098228983368337	0	MYC, TERT, MDM4, MCL1, SETDB1, PTEN, RASSF6, MAP2K1, PDK1, SHC1, CTBP2, KREMEN1, TP53, RASSF3, ATM, MMP14, ITGA6, EIF4B, CCND1
Unfolded protein response	WP4925	4	158	25	7782	0.0014835773324509542	0.02990540673295497	7.880506329113924	0	XBP1, ATF4, TP53, BCL2L11
EGFR tyrosine kinase inhibitor resistance	WP4806	7	158	84	7782	0.0015225222326174105	0.02990540673295497	4.1044303797468356	0	MYC, PTEN, MAP2K1, SHC1, BCL2L11, FOXO3, CCND1
Endometrial cancer	WP4155	6	158	63	7782	0.001665572065640805	0.02990540673295497	4.6907775768535265	0	MYC, PTEN, MAP2K1, TP53, FOXO3, CCND1
Selenium micronutrient network	WP15	19	158	447	7782	0.001706558536391452	0.02990540673295497	2.0935349587970435	0	MYC, VDR, ALB, CDK9, HDAC7, ARNT, RAD51, CHEK2, CDKN1B, MAP2K1, TP53, IRX4, SOD2, FOXO3, TAB1, RAD9A, SESN1, ATM, CCND1
Mevalonate arm of cholesterol biosynthesis pathway	WP4190	3	158	13	7782	0.00202219283854594	0.033825771117495726	11.366114897760468	0	PMVK, IDI2, ACAT2
Pathways affected in adenoid cystic carcinoma	WP3651	6	158	66	7782	0.002118940188069512	0.03390304300911219	4.477560414269275	0	MYC, CHEK2, PTEN, TP53, FOXO3, ATM
ErbB signaling pathway	WP673	7	158	91	7782	0.00241786643042479	0.03707395193318011	3.7887049659201555	0	MYC, CDKN1B, MAP2K1, SHC1, TP53, BCL2L11, CCND1
Aryl hydrocarbon receptor Netpath	WP2586	5	158	48	7782	0.002742087421192781	0.04036352683995774	5.130537974683545	0	MYC, ARNT, CDKN1B, HPGDS, MAP2K1
PI3K-AKT-mTOR signaling pathway and therapeutic opportunities	WP3844	4	158	30	7782	0.0029706819647750977	0.040950221300461165	6.567088607594936	0	PTEN, CDKN1B, PDK1, FOXO3
miRNAs involved in DNA damage response	WP1545	5	158	49	7782	0.0030044999323707924	0.040950221300461165	5.02583311805735	0	MYC, CDKN1B, TP53, ATM, CCND1
Chromosomal and microsatellite instability in colorectal cancer 	WP4216	6	158	74	7782	0.003783417685689851	0.04494850303582831	3.993499828942867	0	MYC, MAP2K1, TP53, BCL2L11, CCND1, TBK1
Small cell lung cancer	WP4658	7	158	98	7782	0.003673386476012303	0.04494850303582831	3.5180831826401446	0	MYC, PTEN, CDKN1B, CDKN1C, TP53, ITGA6, CCND1
MAPK pathway in congenital thyroid cancer	WP4928	3	158	16	7782	0.0037864228100833635	0.04494850303582831	9.23496835443038	0	MYC, MAP2K1, SHC1
miRNA regulation of p53 pathway in prostate cancer	WP3982	4	158	32	7782	0.0037774567094624265	0.04494850303582831	6.156645569620253	0	CHEK2, PTEN, TP53, ATM
Integrated breast cancer pathway	WP1984	9	158	154	7782	0.004028226506975914	0.04632460483022301	2.8784316948873907	0	MYC, RAD51, CHEK2, PTEN, ODC1, TP53, TAB1, ATM, CCND1
PI3K-Akt signaling pathway	WP4172	15	158	345	7782	0.004266079288926371	0.047573247828027417	2.1414419372592186	0	MYC, MCL1, PTEN, ATF4, CDKN1B, ITGB8, MAP2K1, TP53, BCL2L11, FOXO3, COL2A1, CREB3L4, ITGA6, EIF4B, CCND1
DNA IR-double strand breaks and cellular response via ATM	WP3959	5	158	55	7782	0.004973092436005358	0.053826412248528584	4.477560414269275	0	RAD51, CHEK2, TP53, RAD9A, ATM
miRNA regulation of prostate cancer signaling pathways	WP3981	5	158	56	7782	0.005372977615094912	0.056493021781569355	4.397603978300181	0	KLK3, CDKN1B, MAP2K1, TP53, CCND1
Senescence and autophagy in cancer	WP615	7	158	108	7782	0.006259294608472477	0.0639839004421631	3.1923347398030946	0	SLC39A1, PTEN, CDKN1B, MAP2K1, TP53, MMP14, HMGA1
Pre-implantation embryo	WP3527	5	158	60	7782	0.00720115090667707	0.07162225766640978	4.1044303797468356	0	GATA2, DLX2, ZFP36L2, IRX5, HMGA1
Imatinib and chronic myeloid leukemia	WP3640	3	158	21	7782	0.008349489170901036	0.07421141228313109	7.03616636528029	0	MYC, CDKN1B, FOXO3
IL-5 signaling pathway	WP127	4	158	40	7782	0.008469780749705178	0.07421141228313109	4.925316455696202	0	MYC, MAP2K1, SHC1, FOXO3
MicroRNA network associated with chronic lymphocytic leukemia	WP4399	2	158	7	7782	0.008044898388641886	0.07421141228313109	14.072332730560579	0	MCL1, TP53
Mevalonate pathway	WP3963	2	158	7	7782	0.008044898388641886	0.07421141228313109	14.072332730560579	0	PMVK, ACAT2
Galanin receptor pathway	WP4970	3	158	21	7782	0.008349489170901036	0.07421141228313109	7.03616636528029	0	CDKN1B, CDKN1C, BCL2L11
Bladder cancer	WP2828	4	158	41	7782	0.00924004464450057	0.07907759137619093	4.805186786045076	0	MYC, MAP2K1, TP53, CCND1
Androgen receptor signaling pathway	WP138	6	158	91	7782	0.010281376631854617	0.08287278722980958	3.2474613993601333	0	KLK3, PTEN, KAT7, RAD9A, NCOA4, CCND1
FTO obesity variant mechanism	WP3407	2	158	8	7782	0.01058429619511155	0.08287278722980958	12.313291139240507	0	IRX3, IRX5
Spinal cord injury	WP2431	7	158	119	7782	0.010459930304162136	0.08287278722980958	2.8972449739389425	0	MYC, CDKN1B, TP53, SOX9, FOXO3, COL2A1, CCND1
Urea cycle and metabolism of amino groups	WP497	6	158	91	7782	0.010281376631854617	0.08287278722980958	3.2474613993601333	0	PIK3C2B, PTEN, CDKN1B, ODC1, CDKN1C, BCL2L11
Apoptosis modulation and signaling	WP1772	6	158	93	7782	0.0113765916529283	0.08722053600578364	3.1776235198040017	0	MCL1, BIK, BOK, TOLLIP, TP53, BCL2L11
Cell cycle	WP179	7	158	122	7782	0.011896172586402203	0.08934268391420429	2.8260012450715917	0	MYC, CHEK2, CDKN1B, CDKN1C, TP53, ATM, CCND1
Breast cancer pathway	WP4262	8	158	156	7782	0.013928652853540205	0.10251488500205591	2.525803310613437	0	MYC, RAD51, PTEN, MAP2K1, SHC1, TP53, ATM, CCND1
EPO receptor signaling	WP581	3	158	26	7782	0.01516035698732504	0.105586701398006	5.683057448880234	0	MAP2K1, PDK1, SHC1
Non-small cell lung cancer	WP4255	5	158	72	7782	0.015206780364386732	0.105586701398006	3.42035864978903	0	MAP2K1, PDK1, TP53, FOXO3, CCND1
Endoplasmic reticulum stress response in coronavirus infection	WP4861	4	158	47	7782	0.014822434811304854	0.105586701398006	4.191758685698896	0	XBP1, ATF4, PPP1R7, PPP1R14A
IL-6 signaling pathway	WP364	7	158	129	7782	0.015794546361115627	0.10763690853501019	2.6726523403002647	0	MYC, CDKN1B, MAP2K1, SHC1, TP53, FOXO3, CCND1
Mammary gland development pathway - Involution (Stage 4 of 4)	WP2815	2	158	10	7782	0.016563439733681736	0.10850257261840433	9.850632911392404	0	MYC, TP53
TCA cycle in senescence	WP5050	2	158	10	7782	0.016563439733681736	0.10850257261840433	9.850632911392404	0	PDK1, TP53
Extracellular vesicles in the crosstalk of cardiac cells	WP4300	3	158	27	7782	0.016806104997959367	0.10850257261840433	5.472573839662448	0	PTEN, CD81, PDLIM5
Neural crest differentiation	WP2064	6	158	102	7782	0.017336547978600843	0.10999740786422604	2.897244973938943	0	MYC, HDAC7, TCF4, CTBP2, SOX9, COL2A1
Head and neck squamous cell carcinoma	WP4674	5	158	75	7782	0.017877142192460088	0.11150488689534428	3.283544303797468	0	TERT, PTEN, TP53, SESN1, CCND1
Interleukin-1 (IL-1) structural pathway	WP2637	4	158	50	7782	0.018267373383800006	0.11203989008730669	3.940253164556962	0	MYC, MAP2K1, TOLLIP, TAB1
Photodynamic therapy-induced AP-1 survival signaling	WP3611	4	158	51	7782	0.019517107273471914	0.11773224223258388	3.862993298585257	0	MCL1, TP53, BCL2L11, CCND1
Notch signaling pathway (Netpath)	WP61	9	158	199	7782	0.01983532341962011	0.11773224223258388	2.227530055339991	0	MYC, SLC39A1, PTEN, CDKN1B, MAP2K1, TP53, MMP14, HMGA1, CCND1
Photodynamic therapy-induced unfolded protein response	WP3613	3	158	29	7782	0.02038636307829898	0.11908224782244482	5.0951549541684855	0	XBP1, ATF4, BCL2L11
Matrix metalloproteinases	WP129	3	158	30	7782	0.02232143875759146	0.1283482728561509	4.925316455696202	0	MMP21, MMP7, MMP14
Focal adhesion: PI3K-Akt-mTOR-signaling pathway	WP3932	12	158	309	7782	0.02310791516512498	0.13082635047332294	1.912744254639302	0	PIK3C2B, PTEN, ATF4, CRTC2, CDKN1B, ITGB8, MAP2K1, FOXO3, COL2A1, CREB3L4, ITGA6, EIF4B
Copper homeostasis	WP3286	4	158	54	7782	0.02357823431728403	0.13146651861758368	3.648382559774965	0	PTEN, TP53, FOXO3, CCND1
DNA IR-damage and cellular response via ATR	WP4016	5	158	81	7782	0.02410906360636821	0.132419931449903	3.0403187998124706	0	RAD51, CHEK2, TP53, RAD9A, ATM
Mammary gland development pathway - Puberty (Stage 2 of 4)	WP2814	2	158	13	7782	0.02759026707078918	0.14698618104408795	7.577409931840312	0	MYC, CCND1
Endoderm differentiation	WP2853	7	158	145	7782	0.027959327915994994	0.14698618104408795	2.37773897861196	0	HNF1B, TCF4, EMSY, CTBP2, SESN1, ELK4, RFX7
Homologous recombination	WP186	2	158	13	7782	0.02759026707078918	0.14698618104408795	7.577409931840312	0	RAD51, ATM
Hair follicle development: organogenesis - part 2 of 3	WP2839	3	158	33	7782	0.028706839094243406	0.14879037727720526	4.477560414269275	0	MYC, GTPBP4, CCND1
VEGFA-VEGFR2 signaling pathway	WP3888	15	158	435	7782	0.030564003146810056	0.15621601608369584	1.6983849847228285	0	ALB, HDAC7, PBXIP1, ARNT, GATA2, ATF4, MAP2K1, SHC1, DPM1, SOD2, FOXO3, MMP14, EWSR1, CCND1, TUBA1C
T-cell activation SARS-CoV-2	WP5098	5	158	87	7782	0.03159540959585603	0.1592754894695208	2.830641641204714	0	PTEN, MAP2K1, TP53, FOXO3, CCND1
Insulin signaling	WP481	10	158	253	7782	0.03298989986409117	0.16405788040521013	1.9467653975083807	0	SKIL, PTEN, XBP1, GNS, PFKM, MAP2K1, SHC1, SOX9, FOXO3, STXBP1
Pancreatic adenocarcinoma pathway	WP4263	5	158	89	7782	0.03438077908067266	0.16647535133799396	2.76703171668326	0	RAD51, MAP2K1, RIPK4, TP53, CCND1
Cytoplasmic ribosomal proteins	WP477	5	158	89	7782	0.03438077908067266	0.16647535133799396	2.76703171668326	0	RPS10, RPL4, RPL12, RPS27, RPL3
Apoptosis	WP254	5	158	91	7782	0.037314209923320775	0.17833284742574085	2.706217832800111	0	MYC, MCL1, BOK, TP53, BCL2L11
Photodynamic therapy-induced HIF-1 survival signaling	WP3614	3	158	37	7782	0.03856377889738239	0.17963886878780658	3.993499828942867	0	ARNT, MCL1, TP53
Mesodermal commitment pathway	WP2857	7	158	155	7782	0.03815832185046002	0.17963886878780658	2.224336463862801	0	TCF4, EMSY, CTBP2, MEIS1, SESN1, ELK4, CCND1
Deregulation of Rab and Rab effector genes in bladder cancer	WP2291	2	158	16	7782	0.04079934291300667	0.1876769773998307	6.156645569620253	0	MLPH, EXPH5
IL-4 signaling pathway	WP395	6	158	125	7782	0.04149968899846072	0.18854179693127832	2.364151898734177	0	RAD51, CHEK2, SHC1, TP53, RAD9A, ATM
AGE/RAGE pathway	WP2324	4	158	66	7782	0.0446697002184916	0.19569582952862988	2.9850402761795167	0	MMP7, MAP2K1, SHC1, MMP14
Oncostatin M signaling pathway	WP2374	4	158	66	7782	0.0446697002184916	0.19569582952862988	2.9850402761795167	0	CDKN1B, MAP2K1, SHC1, TP53
PDGF pathway	WP2526	3	158	39	7782	0.0440577119932285	0.19569582952862988	3.788704965920156	0	ARFIP2, MAP2K1, SHC1
Physico-chemical features and toxicity-associated pathways	WP3680	4	158	68	7782	0.04895253073974972	0.20947129432823136	2.8972449739389425	0	MYC, CDKN1B, MAP2K1, SHC1
Melanoma	WP4685	4	158	68	7782	0.04895253073974972	0.20947129432823136	2.8972449739389425	0	PTEN, MAP2K1, TP53, CCND1
Serotonin receptor 4/6/7 and NR3C signaling	WP734	2	158	19	7782	0.05589420482272243	0.23642606177887188	5.18454363757495	0	MAP2K1, ELK4
lncRNA in canonical Wnt signaling and colorectal cancer	WP4258	5	158	103	7782	0.05808704783660382	0.24290947277125233	2.3909303182991275	0	MYC, CTBP2, KREMEN1, RUVBL1, CCND1
Vitamins A and D - action mechanisms	WP4342	1	158	3	7782	0.05968900771506154	0.24680398695665895	16.417721518987342	0	VDR
Serotonin receptor 2 and ELK-SRF/GATA4 signaling	WP732	2	158	20	7782	0.06129761462737436	0.24788485915245898	4.925316455696202	0	MAP2K1, ELK4
Hereditary leiomyomatosis and renal cell carcinoma pathway	WP4206	2	158	20	7782	0.06129761462737436	0.24788485915245898	4.925316455696202	0	PDK1, TP53
Wnt signaling pathway	WP363	4	158	74	7782	0.06311047875665475	0.252441915026619	2.6623332192952445	0	MYC, TCF4, FOXO3, CCND1
Translation inhibitors in chronically activated PDGFRA cells	WP4566	3	158	48	7782	0.0732072379066612	0.267579258401273	3.0783227848101267	0	MAP2K1, PDK1, EIF4B
Leptin signaling pathway	WP2034	4	158	76	7782	0.06826033172764441	0.267579258401273	2.592271818787475	0	PTEN, MAP2K1, SHC1, CCND1
PI3K/AKT/mTOR - VitD3 signaling	WP4141	2	158	22	7782	0.07260563137202154	0.267579258401273	4.477560414269275	0	MYC, VDR
Ectoderm differentiation	WP2858	6	158	144	7782	0.07252746274477939	0.267579258401273	2.0522151898734178	0	MYC, SKIL, PPFIBP2, RIT1, KRT6A, GAS2L1
IL-2 signaling pathway	WP49	26	158	958	7782	0.07343887255034938	0.267579258401273	1.3367247165772573	0	MYC, VDR, PIK3C2B, RAD51, PTEN, XBP1, ATF4, CDKN1B, ODC1, CDKN1C, MAP2K1, SHC1, RAD23B, CD81, TP53, BCL2L11, FOXO3, HSD17B2, SESN1, ATM, SLC22A2, HMGA1, TCP1, SLC6A18, PPP1R14A, TBK1
Host-pathogen interaction of human coronaviruses - apoptosis	WP4864	2	158	22	7782	0.07260563137202154	0.267579258401273	4.477560414269275	0	MCL1, BCL2L11
Methionine de novo and salvage pathway	WP3580	2	158	22	7782	0.07260563137202154	0.267579258401273	4.477560414269275	0	ODC1, MAT2A
Cholesterol metabolism with Bloch and Kandutsch-Russell pathways	WP4718	3	158	48	7782	0.0732072379066612	0.267579258401273	3.0783227848101267	0	PMVK, SOAT2, ACAT2
Purine metabolism and related disorders	WP4224	2	158	22	7782	0.07260563137202154	0.267579258401273	4.477560414269275	0	ADSL, MAT2A
Rett syndrome causing genes	WP4312	3	158	49	7782	0.07686844362079646	0.27732928678875585	3.01549987083441	0	TCF4, RHOBTB2, STXBP1
miR-222 in exercise-induced cardiac growth	WP3938	1	158	4	7782	0.07878775264093285	0.2787874324217624	12.313291139240507	0	CDKN1B
Soluble ACE2-mediated cell entry of SARS-CoV-2	WP5076	1	158	4	7782	0.07878775264093285	0.2787874324217624	12.313291139240507	0	AVPR1B
Hepatitis C and hepatocellular carcinoma	WP3646	3	158	50	7782	0.08060893746504388	0.2825151332108205	2.9551898734177215	0	MYC, TP53, CCND1
NAD metabolism in oncogene-induced senescence and mitochondrial dysfunction-associated senescence	WP5046	2	158	24	7782	0.08452313851742115	0.2880047682815831	4.1044303797468356	0	TP53, HMGA1
Steroid biosynthesis	WP496	6	158	150	7782	0.08450488743992968	0.2880047682815831	1.9701265822784808	0	VDR, PTEN, HSD17B2, SESN1, PPP1R14A, TBK1
Vitamin D receptor pathway	WP2877	7	158	186	7782	0.08410765334101734	0.2880047682815831	1.8536137198856675	0	MYC, VDR, MYO9B, CDKN1B, HSD17B2, ATP2B1, CCND1
Hepatitis B infection	WP4666	6	158	154	7782	0.09306484978164313	0.314200593758208	1.9189544632582607	0	MYC, ATF4, MAP2K1, TAB1, CREB3L4, TBK1
Male infertility	WP4673	6	158	155	7782	0.0952758509071063	0.3147400274757773	1.9065741118824011	0	CDK9, MSMB, SOD2, HORMAD1, ATM, HMGA1
Wnt/beta-catenin signaling pathway in leukemia	WP3658	2	158	26	7782	0.0969835721815812	0.3147400274757773	3.788704965920156	0	MYC, CCND1
PPAR-alpha pathway	WP2878	2	158	26	7782	0.0969835721815812	0.3147400274757773	3.788704965920156	0	MYC, CCND1
Mitochondrial fatty acid synthesis pathway	WP4317	1	158	5	7782	0.09750098677238753	0.3147400274757773	9.850632911392404	0	MCAT
Ultraconserved region 339 modulation of tumor suppressor microRNAs in cancer	WP4284	1	158	5	7782	0.09750098677238753	0.3147400274757773	9.850632911392404	0	TP53
RANKL/RANK signaling pathway	WP2018	3	158	55	7782	0.10044563191456785	0.31593156020992275	2.686536248561565	0	MAP2K1, TAB1, CTSK
CCL18 signaling pathway	WP5097	3	158	55	7782	0.10044563191456785	0.31593156020992275	2.686536248561565	0	MYC, PTEN, MTERF4
Wnt signaling pathway and pluripotency	WP399	8	158	232	7782	0.09955393361053295	0.31593156020992275	1.6983849847228283	0	MYC, HDAC7, MDM4, MMP7, CTBP2, TP53, HAT1, CCND1
FGFR3 signaling in chondrocyte proliferation and terminal differentiation	WP4767	2	158	27	7782	0.10339776955620246	0.31730570098589966	3.648382559774965	0	MAP2K1, SOX9
Retinoblastoma gene in cancer	WP2446	4	158	88	7782	0.10346925032148903	0.31730570098589966	2.2387802071346377	0	MYC, CDKN1B, TP53, CCND1
Alpha 6 beta 4 signaling pathway	WP244	6	158	158	7782	0.10207732685766616	0.31730570098589966	1.8703733376061529	0	MYC, CDKN1B, SHC1, TP53, ITGA6, CCND1
Hippo-Merlin signaling dysregulation	WP4541	5	158	123	7782	0.10478022561100864	0.31867043822191055	2.002161160852115	0	MYC, ITGB8, ITGA6, CCND1, PPP1R14A
Cardiac hypertrophic response	WP2795	3	158	57	7782	0.10887905636675242	0.31879160628968106	2.592271818787475	0	CDK9, HDAC7, MAP2K1
IL-1 signaling pathway	WP195	3	158	57	7782	0.10887905636675242	0.31879160628968106	2.592271818787475	0	MAP2K1, TOLLIP, TAB1
ncRNAs involved in Wnt signaling in hepatocellular carcinoma	WP4336	4	158	90	7782	0.11001775543149318	0.31879160628968106	2.1890295358649787	0	MYC, CTBP2, KREMEN1, CCND1
Interactions of natural killer cells in pancreatic cancer	WP5092	2	158	28	7782	0.10992467585992446	0.31879160628968106	3.5180831826401446	0	MYC, GATA2
Sphingolipid metabolism in senescence	WP5121	2	158	28	7782	0.10992467585992446	0.31879160628968106	3.5180831826401446	0	TERT, CERS2
Metastatic brain tumor	WP2249	2	158	28	7782	0.10992467585992446	0.31879160628968106	3.5180831826401446	0	MYC, TP53
EGF/EGFR signaling pathway	WP437	6	158	162	7782	0.11153366529460576	0.3206592877219916	1.8241912798874824	0	PIK3C2B, PTEN, MAP2K1, SHC1, STXBP1, ELK4
Somatroph axis (GH) and its relationship to dietary restriction and aging	WP4186	1	158	6	7782	0.11583644312798179	0.32503105309427816	8.208860759493671	0	PTEN
Focal adhesion	WP306	7	158	202	7782	0.11658722556642585	0.32503105309427816	1.7067928311818523	0	PTEN, ITGB8, MAP2K1, SHC1, COL2A1, ITGA6, CCND1
T cell receptor and co-stimulatory signaling	WP2583	2	158	29	7782	0.11655714347195077	0.32503105309427816	3.3967699694456566	0	PTEN, PDK1
PDGFR-beta pathway	WP3972	2	158	29	7782	0.11655714347195077	0.32503105309427816	3.3967699694456566	0	MAP2K1, SHC1
Kit receptor signaling pathway	WP304	3	158	60	7782	0.12202118852895817	0.33510296551236274	2.462658227848101	0	MAP2K1, SHC1, FOXO3
Development of ureteric collection system	WP5053	3	158	60	7782	0.12202118852895817	0.33510296551236274	2.462658227848101	0	HNF1B, HOXA11, CCND1
TLR4 signaling and tolerance	WP3851	2	158	30	7782	0.12328826523896737	0.33607467857733325	3.283544303797468	0	TAB1, TBK1
Ethanol effects on histone modifications	WP3996	2	158	31	7782	0.1301113677435518	0.34949622868340924	3.1776235198040013	0	HDAC7, HAT1
Type I interferon induction and signaling during SARS-CoV-2 infection	WP4868	2	158	31	7782	0.1301113677435518	0.34949622868340924	3.1776235198040013	0	TMPRSS2, TBK1
SARS-CoV-2 and angiotensin-converting enzyme 2 receptor: molecular mechanisms	WP4883	1	158	7	7782	0.1338017005863203	0.35423759579687675	7.036166365280289	0	TMPRSS2
MAPK signaling pathway	WP382	8	158	249	7782	0.1336689782874353	0.35423759579687675	1.5824309897819124	0	MYC, ATF4, MAP2K1, RASA2, TP53, TAB1, ELK4, DUSP8
Mitochondrial immune response to SARS-CoV-2	WP5038	2	158	32	7782	0.1370200047765554	0.3550940968857211	3.0783227848101267	0	TMPRSS2, TBK1
Lung fibrosis	WP3624	3	158	63	7782	0.13571194674377232	0.3550940968857211	2.3453887884267632	0	SKIL, TERT, RTEL1
Toll-like receptor signaling related to MyD88	WP3858	2	158	32	7782	0.1370200047765554	0.3550940968857211	3.0783227848101267	0	TOLLIP, TBK1
Gastric cancer network 2	WP2363	2	158	33	7782	0.14400795095103408	0.3590432940502452	2.9850402761795167	0	MYC, TP53
White fat cell differentiation	WP4149	2	158	33	7782	0.14400795095103408	0.3590432940502452	2.9850402761795167	0	GATA2, MECOM
BDNF-TrkB signaling	WP3676	2	158	33	7782	0.14400795095103408	0.3590432940502452	2.9850402761795167	0	MAP2K1, SHC1
Endochondral ossification with skeletal dysplasias	WP4808	3	158	65	7782	0.14512046649585414	0.3590432940502452	2.2732229795520937	0	CDKN1C, SOX9, COL2A1
Prader-Willi and Angelman syndrome	WP3998	3	158	64	7782	0.14038924827966368	0.3590432940502452	2.308742088607595	0	MDM4, TP53, CCND1
MicroRNAs in cardiomyocyte hypertrophy	WP1544	4	158	100	7782	0.14537350764534385	0.3590432940502452	1.970126582278481	0	CDK9, HDAC7, MAP2K1, TAB1
Mammary gland development pathway - Pregnancy and lactation (Stage 3 of 4)	WP2817	2	158	33	7782	0.14400795095103408	0.3590432940502452	2.9850402761795167	0	MYC, CCND1
Caloric restriction and aging	WP4191	1	158	8	7782	0.1514041869280212	0.3641617045066131	6.156645569620253	0	TP53
Hepatocyte growth factor receptor signaling	WP313	2	158	34	7782	0.15106919548292955	0.3641617045066131	2.8972449739389425	0	PTEN, MAP2K1
NIPBL role in DNA damage - Cornelia de Lange syndrome	WP5119	1	158	8	7782	0.1514041869280212	0.3641617045066131	6.156645569620253	0	ATM
Fluoropyrimidine activity	WP1601	2	158	34	7782	0.15106919548292955	0.3641617045066131	2.8972449739389425	0	TP53, FPGS
Type 2 papillary renal cell carcinoma	WP4241	2	158	36	7782	0.16538857337913782	0.36508020539497194	2.7362869198312234	0	ARNT, CTSK
SARS-CoV-2 B.1.1.7 variant antagonises innate immune activation	WP5116	1	158	9	7782	0.16865118184006855	0.36508020539497194	5.472573839662447	0	TBK1
ATR signaling	WP3875	1	158	9	7782	0.16865118184006855	0.36508020539497194	5.472573839662447	0	RAD9A
DDX1 as a regulatory component of the Drosha microprocessor	WP2942	1	158	9	7782	0.16865118184006855	0.36508020539497194	5.472573839662447	0	ATM
Heme biosynthesis	WP561	1	158	9	7782	0.16865118184006855	0.36508020539497194	5.472573839662447	0	UROS
Thyroid stimulating hormone (TSH) signaling pathway	WP2032	3	158	68	7782	0.15961998228877985	0.36508020539497194	2.172933730454207	0	MYC, CDKN1B, MAP2K1
Toll-like receptor signaling pathway	WP75	4	158	104	7782	0.16062635159479857	0.36508020539497194	1.894352482960078	0	MAP2K1, TOLLIP, TAB1, TBK1
Biotin metabolism, including IEMs	WP5031	1	158	9	7782	0.16865118184006855	0.36508020539497194	5.472573839662447	0	PC
RAC1/PAK1/p38/MMP2 pathway	WP3303	3	158	69	7782	0.16454924470761914	0.36508020539497194	2.1414419372592186	0	MYC, RAD51, TP53
Oxidation by cytochrome P450	WP43	28	158	1142	7782	0.16311481094350644	0.36508020539497194	1.2076082378239374	0	MYC, VDR, PIK3C2B, MCAT, MCL1, PTEN, XBP1, ATF4, CYB5R2, TCF4, MAP2K1, SHC1, CTBP2, DYNC1I2, KREMEN1, CD81, TP53, SOX9, RHOBTB2, BCL2L11, STXBP1, TAB1, CREB3L4, CHD3, NCOA4, PDLIM5, ELK4, CCND1
Integrin-mediated cell adhesion	WP185	4	158	104	7782	0.16062635159479857	0.36508020539497194	1.894352482960078	0	ITGB8, MAP2K1, SHC1, ITGA6
Pentose phosphate pathway in senescent cells	WP5043	1	158	9	7782	0.16865118184006855	0.36508020539497194	5.472573839662447	0	TP53
7q11.23 copy number variation syndrome	WP4932	4	158	104	7782	0.16062635159479857	0.36508020539497194	1.894352482960078	0	MYC, ATF4, CDKN1C, HMGA1
AMP-activated protein kinase (AMPK) signaling	WP1403	3	158	68	7782	0.15961998228877985	0.36508020539497194	2.172933730454207	0	CRTC2, SLC2A4RG, TP53
Overview of leukocyte-intrinsic Hippo pathway functions	WP4542	2	158	36	7782	0.16538857337913782	0.36508020539497194	2.7362869198312234	0	RAB13, FOXO3
Cytosine methylation	WP3585	1	158	9	7782	0.16865118184006855	0.36508020539497194	5.472573839662447	0	TET2
Signal transduction through IL1R	WP4496	2	158	35	7782	0.15819793615518254	0.36508020539497194	2.814466546112116	0	TOLLIP, TAB1
Factors and pathways affecting insulin-like growth factor (IGF1)-Akt signaling	WP3850	2	158	37	7782	0.17263570449128854	0.36936011193484986	2.6623332192952445	0	PTEN, PDK1
Initiation of transcription and translation elongation at the HIV-1 LTR	WP3414	2	158	37	7782	0.17263570449128854	0.36936011193484986	2.6623332192952445	0	CDK9, HDAC7
Folate metabolism	WP176	3	158	73	7782	0.1847002113576443	0.38577589664186207	2.0241026530258366	0	ALB, TP53, SOD2
Methylation pathways	WP704	1	158	10	7782	0.18554981985219998	0.38577589664186207	4.925316455696202	0	MAT2A
Ethanol metabolism production of ROS by CYP2E1	WP4269	1	158	10	7782	0.18554981985219998	0.38577589664186207	4.925316455696202	0	MAP2K1
SARS-CoV-2 and COVID-19 pathway	WP4846	1	158	10	7782	0.18554981985219998	0.38577589664186207	4.925316455696202	0	TMPRSS2
Vitamin D metabolism	WP1531	1	158	10	7782	0.18554981985219998	0.38577589664186207	4.925316455696202	0	VDR
Effect of progerin on genes involved in Hutchinson-Gilford progeria syndrome	WP4320	2	158	39	7782	0.18727878871910167	0.387183113756345	2.525803310613437	0	TP53, CHD3
Primary focal segmental glomerulosclerosis (FSGS)	WP2572	3	158	74	7782	0.1898378056931363	0.38811284719485645	1.9967499144714336	0	CDKN1B, CDKN1C, KRT8
Cytosolic DNA-sensing pathway	WP4655	3	158	74	7782	0.1898378056931363	0.38811284719485645	1.9967499144714336	0	ADAR, POLR2L, TBK1
Vitamin D-sensitive calcium signaling in depression	WP4698	2	158	40	7782	0.19466487128789453	0.39002385888286684	2.462658227848101	0	VDR, ATP2B1
mBDNF and proBDNF regulation of GABA neurotransmission	WP4829	2	158	40	7782	0.19466487128789453	0.39002385888286684	2.462658227848101	0	PTEN, SHC1
Kisspeptin/kisspeptin receptor system in the ovary	WP4871	2	158	40	7782	0.19466487128789453	0.39002385888286684	2.462658227848101	0	MAP2K1, PDK1
16p11.2 proximal deletion syndrome	WP4949	3	158	75	7782	0.19501192944143342	0.39002385888286684	1.9701265822784808	0	PTEN, TP53, TCP1
S1P receptor signal transduction	WP26	6	158	193	7782	0.19841331516997462	0.39352068940560897	1.5311864629107366	0	MYC, PIK3C2B, MAP2K1, CTBP2, TOLLIP, TAB1
Oxidative damage response	WP3941	2	158	41	7782	0.20208769615544092	0.39352068940560897	2.402593393022538	0	CDKN1B, CDKN1C
Prolactin signaling pathway	WP2037	3	158	76	7782	0.20022089921453431	0.39352068940560897	1.9442038640906063	0	MYC, MAP2K1, SHC1
Glycolysis in senescence	WP5049	1	158	11	7782	0.20210709320016332	0.39352068940560897	4.477560414269275	0	TP53
NAD metabolism, sirtuins and aging	WP3630	1	158	11	7782	0.20210709320016332	0.39352068940560897	4.477560414269275	0	FOXO3
Orexin receptor pathway	WP5094	5	158	154	7782	0.20329698428978465	0.39375415904547767	1.599128719381884	0	MYC, SKIL, PDK1, DDX52, HMGA1
Joubert syndrome	WP4656	3	158	77	7782	0.20546304596838802	0.39586597338411933	1.9189544632582607	0	ATF4, ARL3, ATM
B cell receptor signaling pathway	WP23	21	158	857	7782	0.2095050374711095	0.40155132181962655	1.2069036822592794	0	MYC, MBNL1, KLF11, RAPGEF3, GATA2, SETDB1, CDKN1B, TCF4, MMP7, MAP2K1, SHC1, CD81, TP53, BCL2L11, FOXO3, TAB1, RUVBL1, MMP14, HMGA1, TUBA1C, TBK1
Aerobic glycolysis	WP4629	1	158	12	7782	0.2183298546542353	0.40784460158760705	4.1044303797468356	0	PFKM
SMC1/SMC3 role in DNA damage - Cornelia de Lange Syndrome	WP5118	1	158	12	7782	0.2183298546542353	0.40784460158760705	4.1044303797468356	0	ATM
Bone morphogenic protein (BMP) signaling and regulation	WP1425	1	158	12	7782	0.2183298546542353	0.40784460158760705	4.1044303797468356	0	BMPR1B
lncRNA-mediated mechanisms of therapeutic resistance	WP3672	1	158	12	7782	0.2183298546542353	0.40784460158760705	4.1044303797468356	0	TP53
Alanine and aspartate metabolism	WP106	1	158	12	7782	0.2183298546542353	0.40784460158760705	4.1044303797468356	0	PC
Vasopressin-regulated water reabsorption	WP5085	2	158	44	7782	0.22453245292292978	0.41313971337819083	2.2387802071346377	0	DYNC1I2, CREB3L4
Genes controlling nephrogenesis	WP4823	2	158	44	7782	0.22453245292292978	0.41313971337819083	2.2387802071346377	0	HNF1B, HOXA11
Renin-angiotensin-aldosterone system (RAAS)	WP4756	2	158	44	7782	0.22453245292292978	0.41313971337819083	2.2387802071346377	0	ATF4, CREB3L4
Glycolysis and gluconeogenesis	WP534	2	158	45	7782	0.23205888322669166	0.41639968051087944	2.1890295358649787	0	PC, PFKM
Purine metabolism	WP4792	1	158	13	7782	0.23422482028736968	0.41639968051087944	3.788704965920156	0	ADSL
Prostaglandin synthesis and regulation	WP98	2	158	45	7782	0.23205888322669166	0.41639968051087944	2.1890295358649787	0	HPGDS, SOX9
Osteopontin signaling	WP1434	1	158	13	7782	0.23422482028736968	0.41639968051087944	3.788704965920156	0	MAP2K1
Development of pulmonary dendritic cells and macrophage subsets	WP3892	1	158	13	7782	0.23422482028736968	0.41639968051087944	3.788704965920156	0	TCF4
Transcriptional cascade regulating adipogenesis	WP4211	1	158	13	7782	0.23422482028736968	0.41639968051087944	3.788704965920156	0	GATA2
BMP2-WNT4-FOXO1 pathway in primary endometrial stromal cell differentiation	WP3876	1	158	13	7782	0.23422482028736968	0.41639968051087944	3.788704965920156	0	BCL2L11
Fragile X syndrome	WP4549	4	158	122	7782	0.23543438019680596	0.41653774957896444	1.6148578543266239	0	PTEN, MAP2K1, PDK1, SHC1
ATM signaling in development and disease 	WP3878	2	158	46	7782	0.2396011654889738	0.42188147799015485	2.1414419372592186	0	CHEK2, ATM
Circadian rhythm genes	WP3594	6	158	207	7782	0.24412622229055653	0.42780214191868954	1.4276279581728124	0	HNF1B, ARNT, PTEN, ATF4, TP53, CHRNB2
Thymic stromal lymphopoietin (TSLP) signaling pathway	WP2203	2	158	47	7782	0.24715558057688963	0.43105807418149467	2.095879342849448	0	MYC, MAP2K1
Aryl hydrocarbon receptor pathway	WP2873	2	158	48	7782	0.2547185519967709	0.44215295818307404	2.0522151898734178	0	ARNT, CDKN1B
Wnt signaling	WP428	6	158	211	7782	0.2577369370916388	0.44529198520996754	1.4005639210510528	0	MYC, RPS27, CTBP2, KREMEN1, TP53, CCND1
let-7 inhibition of ES cell reprogramming	WP3299	1	158	15	7782	0.2650575610540968	0.4453935272507197	3.283544303797468	0	MYC
Phosphoinositides metabolism	WP4971	2	158	49	7782	0.2622866417170984	0.4453935272507197	2.01033324722294	0	PIK3C2B, PTEN
Clear cell renal cell carcinoma pathways	WP4018	3	158	87	7782	0.25935391240974026	0.4453935272507197	1.6983849847228285	0	ARNT, PTEN, PFKM
Peptide GPCRs	WP24	12	158	478	7782	0.264022452000316	0.4453935272507197	1.2364811185848208	0	MYC, AVPR1B, CDKN1B, PC, SHC1, TP53, IRX4, SOX9, FOXO3, COL2A1, ITGA6, CCND1
Somatic sex determination	WP4814	1	158	15	7782	0.2650575610540968	0.4453935272507197	3.283544303797468	0	SOX9
COVID-19 adverse outcome pathway	WP4891	1	158	15	7782	0.2650575610540968	0.4453935272507197	3.283544303797468	0	TMPRSS2
Hair follicle development: cytodifferentiation - part 3 of 3	WP2840	3	158	89	7782	0.27037207000005214	0.4522587352728145	1.660219030009956	0	TCF4, GTPBP4, SOX9
Adipogenesis	WP236	7	158	259	7782	0.27332358086411823	0.45512704867871273	1.3311666096476222	0	MYC, MBNL1, GATA2, SETDB1, TP53, RUVBL1, HMGA1
Ebola virus pathway in host	WP4217	4	158	131	7782	0.27558570130376314	0.4568267481071389	1.5039134215866268	0	VPS18, RASA2, ITGA6, TBK1
Pathways of nucleic acid metabolism and innate immune sensing	WP4705	1	158	16	7782	0.28000810892849354	0.45796881815860274	3.0783227848101267	0	ADAR
H19 action Rb-E2F1 signaling and CDK-Beta-catenin activity	WP3969	1	158	16	7782	0.28000810892849354	0.45796881815860274	3.0783227848101267	0	CCND1
TCA cycle and deficiency of pyruvate dehydrogenase complex (PDHc)	WP2453	1	158	16	7782	0.28000810892849354	0.45796881815860274	3.0783227848101267	0	PC
Amino acid metabolism	WP3925	3	158	91	7782	0.2814427023700589	0.458278382620273	1.6237306996800667	0	HIBADH, ODC1, PC
Synaptic vesicle pathway	WP2267	2	158	52	7782	0.2849892319799852	0.4599826200378709	1.894352482960078	0	SLC22A3, STXBP1
Netrin-UNC5B signaling pathway	WP4747	2	158	52	7782	0.2849892319799852	0.4599826200378709	1.894352482960078	0	MAP2K1, TP53
Drug induction of bile acid pathway	WP2289	1	158	17	7782	0.29465641163031736	0.4614194020423693	2.8972449739389425	0	VDR
Vitamin B12 metabolism	WP1533	2	158	53	7782	0.2925460427427824	0.4614194020423693	1.8586099832815859	0	ALB, SOD2
Corticotropin-releasing hormone signaling pathway	WP2355	3	158	93	7782	0.2925547078791708	0.4614194020423693	1.5888117599020009	0	RAPGEF3, TCF4, MAP2K1
Glycosaminoglycan degradation	WP4815	1	158	17	7782	0.29465641163031736	0.4614194020423693	2.8972449739389425	0	GNS
MAP3K1 role in promoting and blocking gonadal determination	WP4872	1	158	17	7782	0.29465641163031736	0.4614194020423693	2.8972449739389425	0	SOX9
Airway smooth muscle cell contraction	WP4962	1	158	17	7782	0.29465641163031736	0.4614194020423693	2.8972449739389425	0	PPP1R14A
One-carbon metabolism and related pathways	WP3940	2	158	53	7782	0.2925460427427824	0.4614194020423693	1.8586099832815859	0	SOD2, MAT2A
4-hydroxytamoxifen, Dexamethasone, and Retinoic Acids Regulation of p27 Expression	WP3879	1	158	18	7782	0.3090085413082117	0.47381309667259125	2.7362869198312234	0	MAP2K1
Nephrogenesis	WP5052	1	158	18	7782	0.3090085413082117	0.47381309667259125	2.7362869198312234	0	MEIS1
Regulation of Wnt / B-catenin signaling by small molecule compounds	WP3664	1	158	18	7782	0.3090085413082117	0.47381309667259125	2.7362869198312234	0	TCF4
Transcription co-factors SKI and SKIL protein partners	WP4533	1	158	18	7782	0.3090085413082117	0.47381309667259125	2.7362869198312234	0	SKIL
Pathogenic Escherichia coli infection	WP2272	2	158	55	7782	0.3076265713856625	0.47381309667259125	1.79102416570771	0	KRT18, TUBA1C
Nucleotide metabolism	WP404	1	158	19	7782	0.323070448893196	0.49331919167093835	2.592271818787475	0	ADSL
Nuclear receptors meta-pathway	WP2882	8	158	321	7782	0.32744256295166246	0.4979291866372388	1.2274931976812966	0	MYC, VDR, SLC39A1, ARNT, CDKN1B, CDKN1C, SLC6A18, CCND1
Proximal tubule transport	WP4917	2	158	58	7782	0.33012594956023816	0.49994382484842653	1.6983849847228283	0	SLC22A2, SLC6A18
Brain-derived neurotrophic factor (BDNF) signaling pathway	WP2380	4	158	144	7782	0.3352770000268635	0.5056636721716631	1.3681434599156117	0	MAP2K1, SHC1, BCL2L11, FOXO3
Aspirin and miRNAs	WP4707	1	158	20	7782	0.33684796648475834	0.5059593945566982	2.462658227848101	0	PDK1
Regulation of toll-like receptor signaling pathway	WP1449	4	158	145	7782	0.33991101239840565	0.5084847665146881	1.3587079877782626	0	MAP2K1, TOLLIP, TAB1, TBK1
Globo sphingolipid metabolism	WP1424	1	158	21	7782	0.35034680973330895	0.5177816304492278	2.3453887884267632	0	ST6GALNAC4
Nicotine effect on dopaminergic neurons	WP1602	1	158	21	7782	0.35034680973330895	0.5177816304492278	2.3453887884267632	0	CHRNB2
Interactions between LOXL4 and oxidative stress pathway	WP3670	1	158	21	7782	0.35034680973330895	0.5177816304492278	2.3453887884267632	0	COL2A1
Modulators of TCR signaling and T cell activation	WP5072	2	158	61	7782	0.35242346360237387	0.5187673384226943	1.6148578543266239	0	CDKN1B, RASA2
PKC-gamma calcium signaling pathway in ataxia	WP4760	1	158	22	7782	0.3635725801352528	0.5226355839444259	2.2387802071346377	0	PDK1
Fatty acid biosynthesis	WP357	1	158	22	7782	0.3635725801352528	0.5226355839444259	2.2387802071346377	0	PC
FGF23 signaling in hypophosphatemic rickets and related disorders	WP4790	1	158	22	7782	0.3635725801352528	0.5226355839444259	2.2387802071346377	0	CCND1
STING pathway in Kawasaki-like disease and COVID-19	WP4961	1	158	22	7782	0.3635725801352528	0.5226355839444259	2.2387802071346377	0	TBK1
Vitamin D in inflammatory diseases	WP4482	1	158	22	7782	0.3635725801352528	0.5226355839444259	2.2387802071346377	0	VDR
T-cell antigen receptor (TCR) pathway during Staphylococcus aureus infection	WP3863	2	158	62	7782	0.35980123481297377	0.5226355839444259	1.5888117599020006	0	MAP2K1, PDK1
Estrogen signaling pathway	WP712	1	158	23	7782	0.3765307672909541	0.5349935226373402	2.1414419372592186	0	MAP2K1
Kynurenine pathway and links to cell senescence	WP5044	1	158	23	7782	0.3765307672909541	0.5349935226373402	2.1414419372592186	0	TP53
Immune response to tuberculosis	WP4197	1	158	23	7782	0.3765307672909541	0.5349935226373402	2.1414419372592186	0	MX1
Ferroptosis	WP4313	2	158	65	7782	0.3817439595879152	0.5403145274167415	1.5154819863680624	0	TP53, NCOA4
Angiogenesis	WP1539	1	158	24	7782	0.38922675114479593	0.5467001695468889	2.0522151898734178	0	ARNT
Sphingolipid metabolism overview	WP4725	1	158	24	7782	0.38922675114479593	0.5467001695468889	2.0522151898734178	0	CERS2
Hypothesized pathways in pathogenesis of cardiovascular disease	WP3668	1	158	25	7782	0.40166580416434816	0.5598977876230308	1.970126582278481	0	SHC1
Glycosylation and related congenital defects	WP4521	1	158	25	7782	0.40166580416434816	0.5598977876230308	1.970126582278481	0	DPM1
SARS-CoV-2 innate immunity evasion and cell-specific immune response	WP5039	2	158	68	7782	0.40336568924131816	0.5601455609086984	1.4486224869694713	0	MX1, TBK1
Mammalian disorder of sexual development	WP4842	1	158	26	7782	0.41385309344421123	0.5725486405543975	1.894352482960078	0	SOX9
Endochondral ossification	WP474	5	158	208	7782	0.4156293836338309	0.5728524838099243	1.183970301850049	0	CDKN1C, MAP2K1, TP53, SOX9, COL2A1
Sudden infant death syndrome (SIDS) susceptibility pathways	WP706	4	158	162	7782	0.41853892696715733	0.5747101683728131	1.2161275199249881	0	GATA2, DLX2, NKX3-1, CHRNB2
Intracellular trafficking proteins involved in CMT neuropathy	WP4856	1	158	27	7782	0.425793682823334	0.5781995397748595	1.8241912798874824	0	LRSAM1
Sphingolipid metabolism: integrated pathway	WP4726	1	158	27	7782	0.425793682823334	0.5781995397748595	1.8241912798874824	0	CERS2
Intraflagellar transport proteins binding to dynein	WP4532	1	158	27	7782	0.425793682823334	0.5781995397748595	1.8241912798874824	0	DYNC1I2
p53 transcriptional gene network	WP4963	2	158	72	7782	0.43162730530641313	0.5797038261049636	1.3681434599156117	0	PTEN, SESN1
Embryonic stem cell pluripotency pathways	WP3931	3	158	118	7782	0.43100502202326185	0.5797038261049636	1.2521990989058143	0	BMPR1B, PTEN, MAP2K1
MECP2 and associated Rett syndrome	WP3584	2	158	72	7782	0.43162730530641313	0.5797038261049636	1.3681434599156117	0	PTEN, TET2
Osteoblast differentiation and related diseases	WP4787	3	158	119	7782	0.43640041643314703	0.5839831027178113	1.241676417402404	0	PIK3C2B, BMPR1B, SOX9
RAS and bradykinin pathways in COVID-19	WP4969	1	158	29	7782	0.44895451319548324	0.5921693937488811	1.6983849847228283	0	VDR
DNA repair pathways, full network	WP4946	3	158	121	7782	0.4471341843480908	0.5921693937488811	1.221152840255257	0	RAD51, RAD23B, ATM
Nanoparticle-mediated activation of receptor signaling	WP2643	1	158	29	7782	0.44895451319548324	0.5921693937488811	1.6983849847228283	0	MAP2K1
Gastric cancer network 1	WP2361	1	158	29	7782	0.44895451319548324	0.5921693937488811	1.6983849847228283	0	RUVBL1
Arrhythmogenic right ventricular cardiomyopathy	WP2118	2	158	76	7782	0.4591695076101523	0.6005243022889608	1.2961359093937375	0	ITGB8, ITGA6
Dopaminergic neurogenesis	WP2855	1	158	30	7782	0.46018438381925797	0.6005243022889608	1.641772151898734	0	CDKN1C
Sphingolipid pathway	WP1422	1	158	30	7782	0.46018438381925797	0.6005243022889608	1.641772151898734	0	CERS2
IL-3 signaling pathway	WP286	3	158	124	7782	0.46308191187165876	0.6021701186175633	1.1916088199265007	0	CDKN1B, MAP2K1, SHC1
Familial partial lipodystrophy (FPLD)	WP5102	1	158	31	7782	0.4711868176914802	0.6062823388477787	1.5888117599020006	0	GATA2
Oligodendrocyte specification and differentiation, leading to myelin components for CNS	WP4304	1	158	31	7782	0.4711868176914802	0.6062823388477787	1.5888117599020006	0	SOX9
SARS coronavirus and innate immunity	WP4912	1	158	31	7782	0.4711868176914802	0.6062823388477787	1.5888117599020006	0	TBK1
Trans-sulfuration and one-carbon metabolism	WP2525	1	158	32	7782	0.4819663923016942	0.6158459457188314	1.5391613924050633	0	MAT2A
Antiviral and anti-inflammatory effects of Nrf2 on SARS-CoV-2 pathway	WP5113	1	158	32	7782	0.4819663923016942	0.6158459457188314	1.5391613924050633	0	TMPRSS2
p38 MAPK signaling pathway	WP400	2	158	81	7782	0.49249191942653314	0.6228527644100207	1.2161275199249881	0	MYC, SHC1
Host-pathogen interaction of human coronaviruses - interferon induction	WP4880	1	158	33	7782	0.4925275935959675	0.6228527644100207	1.4925201380897584	0	TBK1
Endothelin pathways	WP2197	1	158	33	7782	0.4925275935959675	0.6228527644100207	1.4925201380897584	0	MAP2K1
16p11.2 distal deletion syndrome	WP4950	1	158	34	7782	0.5028748177765647	0.631597040756914	1.4486224869694713	0	CD81
Oxidative stress response	WP408	1	158	34	7782	0.5028748177765647	0.631597040756914	1.4486224869694713	0	SOD2
Angiopoietin-like protein 8 regulatory pathway	WP3915	3	158	132	7782	0.5045936768923033	0.6316002486271007	1.1193901035673188	0	MAP2K1, SHC1, FOXO3
Nuclear receptors in lipid metabolism and toxicity	WP299	1	158	35	7782	0.5130123731263133	0.6377991665894706	1.407233273056058	0	VDR
Photodynamic therapy-induced NF-kB survival signaling	WP3617	1	158	35	7782	0.5130123731263133	0.6377991665894706	1.407233273056058	0	CCND1
Host-pathogen interaction of human coronaviruses - MAPK signaling	WP4877	1	158	36	7782	0.5229444816755173	0.6479581456450855	1.3681434599156117	0	MAP2K1
IL-7 signaling pathway	WP205	7	158	338	7782	0.5338249574665415	0.6526497818860042	1.0200359523631188	0	MYC, XBP1, ATF4, CDKN1B, MAP2K1, CCND1, TUBA1C
Target of rapamycin (TOR) signaling	WP1471	1	158	37	7782	0.5326752810451322	0.6526497818860042	1.3311666096476222	0	RRAGA
Acute viral myocarditis	WP4298	2	158	87	7782	0.5307413501450521	0.6526497818860042	1.1322566564818857	0	KRT8, CCND1
Zinc homeostasis	WP3529	1	158	37	7782	0.5326752810451322	0.6526497818860042	1.3311666096476222	0	SLC39A1
Amyotrophic lateral sclerosis (ALS)	WP2447	1	158	38	7782	0.5422088259840138	0.6585242507000563	1.2961359093937375	0	TP53
Sleep regulation	WP3591	1	158	38	7782	0.5422088259840138	0.6585242507000563	1.2961359093937375	0	CHRNB2
Nuclear receptors	WP170	1	158	39	7782	0.5515490901388123	0.6676646880627727	1.2629016553067185	0	VDR
Influence of laminopathies on Wnt signaling	WP4844	1	158	40	7782	0.5606999675438267	0.6765166821512401	1.2313291139240505	0	CCND1
Nucleotide-binding oligomerization domain (NOD) pathway	WP1433	1	158	41	7782	0.5696652743282018	0.685087650172478	1.201296696511269	0	NLRP10
TNF-alpha signaling pathway	WP231	2	158	94	7782	0.5728452949242389	0.6866679756746576	1.047939671424724	0	TAB1, TBK1
Common pathways underlying drug addiction	WP2636	1	158	42	7782	0.5784487501792249	0.6868938696626997	1.1726943942133816	0	MAP2K1
Splicing factor NOVA regulated synaptic proteins	WP4148	1	158	42	7782	0.5784487501792249	0.6868938696626997	1.1726943942133816	0	ATP2B1
Thyroid hormones production and peripheral downstream signaling effects	WP4746	2	158	95	7782	0.5786334228136872	0.6868938696626997	1.03690872751499	0	MAP2K1, TP53
Hedgehog signaling pathway	WP4249	1	158	44	7782	0.5954847949962953	0.7001226982704046	1.1193901035673188	0	CCND1
Interleukin-11 signaling pathway	WP2332	1	158	44	7782	0.5954847949962953	0.7001226982704046	1.1193901035673188	0	MAP2K1
Nucleotide excision repair	WP4753	1	158	44	7782	0.5954847949962953	0.7001226982704046	1.1193901035673188	0	RAD23B
Heart development	WP1591	1	158	46	7782	0.6118365483368958	0.712518511987271	1.0707209686296093	0	IRX4
Notch signaling	WP268	1	158	46	7782	0.6118365483368958	0.712518511987271	1.0707209686296093	0	CTBP2
Envelope proteins and their potential roles in EDMD physiopathology	WP4535	1	158	46	7782	0.6118365483368958	0.712518511987271	1.0707209686296093	0	MAP2K1
Nonalcoholic fatty liver disease	WP4396	3	158	155	7782	0.6138685095949797	0.71262968937209	0.9532870559412006	0	XBP1, ATF4, BCL2L11
ID signaling pathway	WP53	5	158	262	7782	0.6195541275935468	0.7169682985988215	0.9399458884916418	0	RGS17, PC, PFKM, ATP2B1, ELK4
Genes related to primary cilium development (based on CRISPR)	WP4536	2	158	103	7782	0.6228779818493009	0.7185551640142405	0.9563721273196509	0	WDPCP, ARL3
Energy metabolism	WP1541	1	158	48	7782	0.6275313283041967	0.7194128623549668	1.0261075949367089	0	FOXO3
Mechanoregulation and pathology of YAP/TAZ via Hippo and non-Hippo mechanisms	WP4534	1	158	48	7782	0.6275313283041967	0.7194128623549668	1.0261075949367089	0	ITGB8
Microtubule cytoskeleton regulation	WP2038	1	158	49	7782	0.6351405926111676	0.7236276720771198	1.00516662361147	0	PTEN
Exercise-induced circadian regulation	WP410	1	158	49	7782	0.6351405926111676	0.7236276720771198	1.00516662361147	0	NCOA4
Synaptic signaling pathways associated with autism spectrum disorder	WP4539	1	158	51	7782	0.6498987746092201	0.7381566328894845	0.9657483246463142	0	PTEN
Epithelial to mesenchymal transition in colorectal cancer	WP4239	3	158	164	7782	0.6520105427148157	0.738276552981699	0.9009725223834517	0	MAP2K1, SHC1, TP53
Burn wound healing	WP5055	2	158	110	7782	0.6585981370554972	0.7405315625611993	0.895512082853855	0	TP53, KRT6A
Translation factors	WP107	1	158	53	7782	0.6640636294706407	0.7405315625611993	0.9293049916407929	0	EIF4B
Network map of SARS-CoV-2 signaling pathway	WP5115	4	158	221	7782	0.6617087261829548	0.7405315625611993	0.8914599919812132	0	ALB, VPS18, MX1, TBK1
Chemokine signaling pathway	WP3929	3	158	165	7782	0.6560800432721072	0.7405315625611993	0.895512082853855	0	MAP2K1, SHC1, FOXO3
Cardiac progenitor differentiation	WP2406	1	158	53	7782	0.6640636294706407	0.7405315625611993	0.9293049916407929	0	IRX4
Apoptosis-related network due to altered Notch3 in ovarian cancer	WP2864	1	158	54	7782	0.6709310051412036	0.745929335021036	0.9120956399437412	0	CDKN1B
Interferon type I signaling pathways	WP585	1	158	55	7782	0.6776588650182621	0.7511399467672303	0.895512082853855	0	EIF4B
TGF-beta receptor signaling	WP560	1	158	58	7782	0.6970332353231975	0.7702949867835936	0.8491924923614141	0	SKIL
MET in type 1 papillary renal cell carcinoma	WP4205	1	158	59	7782	0.703230639356775	0.7748169918661473	0.8347993992705428	0	MAP2K1
Overlap between signal transduction pathways contributing to LMNA laminopathies	WP4879	1	158	60	7782	0.7093020570753182	0.7791736029961704	0.820886075949367	0	CTSK
Novel intracellular components of RIG-I-like receptor (RLR) pathway	WP3865	1	158	61	7782	0.7152500336325113	0.7833690844546553	0.8074289271633119	0	TBK1
TGF-beta receptor signaling in skeletal dysplasias	WP4816	1	158	62	7782	0.7210770631243826	0.7843316626139906	0.7944058799510003	0	SKIL
TYROBP causal network in microglia	WP3945	1	158	63	7782	0.7267855895417684	0.7843316626139906	0.7817962628089211	0	ZFP36L2
Genotoxicity pathway	WP4286	1	158	63	7782	0.7267855895417684	0.7843316626139906	0.7817962628089211	0	RPS27
Hematopoietic stem cell differentiation	WP2849	1	158	62	7782	0.7210770631243826	0.7843316626139906	0.7944058799510003	0	GATA2
miRNAs involvement in the immune response in sepsis	WP4329	1	158	63	7782	0.7267855895417684	0.7843316626139906	0.7817962628089211	0	TAB1
Ras signaling	WP4223	3	158	185	7782	0.7303686461014436	0.7858937478518457	0.7986999657885734	0	MAP2K1, RASA2, SHC1
MAPK cascade	WP422	5	158	300	7782	0.7350340861447977	0.7886079991291124	0.820886075949367	0	MAP2K1, RASA2, SHC1, ADSL, MAT2A
Non-genomic actions of 1,25 dihydroxyvitamin D3	WP4341	1	158	71	7782	0.7684652200942282	0.8079862885562171	0.6937065430558033	0	VDR
mRNA processing	WP411	2	158	133	7782	0.757194104087503	0.8079862885562171	0.7406490910821356	0	SF3B4, PRPF3
G1 to S cell cycle control	WP45	23	158	1277	7782	0.7682835041499404	0.8079862885562171	0.887096934072143	0	MYC, AVPR1B, SKIL, PTEN, RAB13, CDKN1B, ITGB8, CDKN1C, WDPCP, MAP2K1, PDK1, SHC1, DPM1, DYNC1I2, TP53, FOXO3, ARL3, CREB3L4, ATM, ITGA6, EIF4B, CCND1, PPP1R14A
Glucocorticoid receptor pathway	WP2880	1	158	71	7782	0.7684652200942282	0.8079862885562171	0.6937065430558033	0	CDKN1C
Histone modifications	WP2369	1	158	69	7782	0.7586789864327503	0.8079862885562171	0.7138139790864062	0	SETDB1
Parkin-ubiquitin proteasomal system pathway	WP2359	1	158	70	7782	0.7636224222030519	0.8079862885562171	0.703616636528029	0	TUBA1C
3q29 copy number variation syndrome	WP4906	1	158	70	7782	0.7636224222030519	0.8079862885562171	0.703616636528029	0	MYC
Nucleotide excision repair in xeroderma pigmentosum 	WP5114	1	158	75	7782	0.7868701434312395	0.8249806631985646	0.6567088607594936	0	RAD23B
Alzheimer's disease	WP5124	4	158	266	7782	0.7946078469065045	0.8307263854022547	0.7406490910821356	0	XBP1, ATF4, MAP2K1, TUBA1C
NRF2 pathway	WP2884	2	158	145	7782	0.7982133952025529	0.8321318114292903	0.6793539938891313	0	SLC39A1, SLC6A18
Regulation of actin cytoskeleton	WP51	15	158	880	7782	0.8013350405382547	0.833026256830728	0.8395425776754891	0	PIK3C2B, ALB, TERT, GATA2, XBP1, ATF4, MAP2K1, VPS18, RAD23B, MX1, ATM, TMPRSS2, CERS2, TUBA1C, TBK1
Calcium regulation in cardiac cells	WP536	2	158	152	7782	0.8192213775314507	0.8492210336100673	0.6480679546968687	0	RGS17, ATP2B1
IL-18 signaling pathway	WP4754	4	158	279	7782	0.8241827515012693	0.8519641925631098	0.7061385599564448	0	PTEN, CD81, TP53, MMP14
Pyrimidine metabolism	WP4022	1	158	86	7782	0.830322562979428	0.8559067315866372	0.5727112157786282	0	POLR2L
GPCRs, other	WP117	1	158	92	7782	0.8501858656770966	0.873934074215563	0.5353604843148047	0	ADGRG1
T-cell receptor (TCR) signaling pathway	WP69	2	158	170	7782	0.8645568762544424	0.8862310040714062	0.5794489947877884	0	MAP2K1, SHC1
Complement system	WP2806	1	158	99	7782	0.8704564789315575	0.8897999562411477	0.4975067126965861	0	ALB
Thermogenesis	WP4321	1	158	108	7782	0.8925629740794558	0.9048572299207707	0.4560478199718706	0	CREB3L4
Ciliopathies	WP4803	2	158	184	7782	0.8923794619427994	0.9048572299207707	0.5353604843148047	0	WDPCP, ARL3
Myometrial relaxation and contraction pathways	WP289	2	158	183	7782	0.8905815608178265	0.9048572299207707	0.5382859514422079	0	RGS17, ATF4
Alzheimer's disease and miRNA effects	WP2059	4	158	322	7782	0.8980748845103654	0.9079438392852046	0.6118405535026338	0	XBP1, ATF4, MAP2K1, TUBA1C
22q11.2 copy number variation syndrome	WP4657	1	158	129	7782	0.9306305580499964	0.9382795763353388	0.3818074771857521	0	TP53
Ciliary landscape	WP4352	2	158	219	7782	0.9404776045820169	0.9456168264649788	0.44980058956129704	0	CTBP2, DYNC1I2
Metapathway biotransformation Phase I and II	WP702	1	158	185	7782	0.9785240396890842	0.9811903177263841	0.2662333219295245	0	KCNAB3
GPCRs, class A rhodopsin-like	WP455	1	158	368	7782	0.9995624229340446	0.9995624229340446	0.13384012107870116	0	AVPR1B
